<BackupInst xmlns="http://www.microsoft.com/GroupPolicy/GPOOperations/Manifest"><GPOGuid><![CDATA[{4D573DDF-7686-49DF-A9C9-C242C042A581}]]></GPOGuid><GPODomain><![CDATA[rob.test.mil]]></GPODomain><GPODomainGuid><![CDATA[{fec04ed8-8d50-42be-8c84-33006ce9d4b6}]]></GPODomainGuid><GPODomainController><![CDATA[WIN-KJNBLNS21UA.rob.test.mil]]></GPODomainController><BackupTime><![CDATA[2015-12-03T14:23:34]]></BackupTime><ID><![CDATA[{80964350-C490-47D0-B252-2CB780B7A223}]]></ID><Comment><![CDATA[]]></Comment><GPODisplayName><![CDATA[EMET Win10]]></GPODisplayName></BackupInst>
